{
  "finish_line": {
    "mode": "pos_x",
    "line_x": -69.9212937950097,
    "y_center": -43.2721232684543,
    "y_half_width": 16.0
  },
  "spawn": {
    "x": -71.86360823320041,
    "y": -43.27183176652468,
    "yaw": -1.570946406473915
  }
}
